id,name,sku,category_reference,tax_group_reference,is_sold_by_weight,is_active,is_stock_product,price,cost,barcode,description,preparation_time,calories,walking_minutes_to_burn_calories,is_high_salt,image,name_localized,description_localized
9f18e970-837c-4526-b814-a5ba237d01dc,"Double Chocolate Brownie",PSN-145,10,,No,Yes,No,1.25,,,,,,,No,https://foodics-console-production.s3.eu-west-1.amazonaws.com/images/494675_1749293544_9f18ea08-2e0d-42a1-b04c-c2973bc3c02f.jpg,"براوني دبل تشوكولت",
9f0d74f8-7623-489e-8902-4260150d2741,"Coffee Beans | Gwanda Blend 250g",659657707798,12,,No,Yes,No,6,,,,,,,No,https://foodics-console-production.s3.eu-west-1.amazonaws.com/images/494675_1752057778_9f594626-748b-451f-9bdd-7aa926939e12.jpg,"حبوب القهوة | خلطة جواندا 250 جرام",
9eeab89a-4aa0-4858-80cf-a106ecebe88b,"Danish | Mixed Nuts",PCR-106,8,,No,No,No,1.35,,,,,,,No,https://foodics-console-production.s3.eu-west-1.amazonaws.com/images/494675_1747309603_9eeab8d2-f4d4-4598-9ece-fdb1d4e7ee2c.jpg,"دانيش مكسرات مشكلة",
9eeab6d1-7d0b-4ac8-85b6-a22935cef9ac,"Danish | Ricotta",PCR-116,8,,No,No,No,1.25,,,,,,,No,https://foodics-console-production.s3.eu-west-1.amazonaws.com/images/494675_1747309369_9eeab76d-c762-4695-b75c-3104a9d539d4.jpg,"دانيش جبنة الريكوتا",
9ebc1e48-6f4b-44d1-89ae-3eef279dec5b,"Hazelnut Wafer Protein Bar",PSN-146,10,,No,Yes,No,1.25,,,,,,,No,https://foodics-console-production.s3.eu-west-1.amazonaws.com/images/494675_1745309565_9ebc27ab-9eeb-40ff-825b-3e6d1a0270a5.jpg,"لوح بروتين بطعم البندق والويفر",
9ebc1c36-4bfa-470e-b406-10546d321822,"Peanut Butter Protein Bar",PSN-144,10,,No,Yes,No,1.25,,,,,,,No,https://foodics-console-production.s3.eu-west-1.amazonaws.com/images/494675_1745309594_9ebc27d6-77a4-4b02-96fe-715ce8cb9766.jpg,"لوح بروتين | زبدة الفول السوداني",
9eb2227e-668c-4621-bcbf-c8c7d2243539,"Croissant | Bites & Dip",PCR-111,8,,No,No,No,1.75,,,,,,,No,https://foodics-console-production.s3.eu-west-1.amazonaws.com/images/494675_1745132980_9eb80b22-ee5b-4450-b968-9c8ca18a29a7.jpg,,
9e59a813-2252-4d42-93e4-40457d7065a1,"Small | Arabic Coffee",PHT-125,15,,No,No,No,0.95,,,,,,,No,,, 
9e52bd87-534a-4b58-96c9-344c5f641c87,"Box | Umm Ali",PPT-110,5,,No,No,No,8,,,,,,,No,https://foodics-console-production.s3.eu-west-1.amazonaws.com/images/494675_1741162581_9e5b99b7-0fbe-4892-a39c-31fb54f41831.jpg,,
9e52bb4c-621a-43fa-bfdb-1af0e15ba7ff,"Box | Cream Brulee",PPT-111,5,,No,Yes,No,8,,,,,,,No,https://foodics-console-production.s3.eu-west-1.amazonaws.com/images/494675_1741162595_9e5b99cc-d294-43ed-9814-b4e96d1f7bc7.jpg,,
9e52b964-7a41-4176-bd94-a2de189f2086,"Mixed Box | Umm Ali & Cream Brulee",PPT-112,5,,No,No,No,8,,,,,,,No,https://foodics-console-production.s3.eu-west-1.amazonaws.com/images/494675_1741162614_9e5b99e9-e7b4-4d63-8e45-07f9ec9dd7c9.jpg,,
9e4967cf-ed1a-4c2d-a19d-187141bdaeea,"French Coffee",PHT-118,15,,No,Yes,No,1.35,,,,,,,No,https://foodics-console-production.s3.eu-west-1.amazonaws.com/images/494675_1740381160_9e496815-325a-41ca-8ff4-8eb1b6b68616.png,"قهوة فرنسية",
9e415101-6739-46d8-b523-725eae373681,"1 Liter | Kubbar Iced Tea",PPT-101,5,,No,Yes,No,8,,,,,,,No,https://foodics-console-production.s3.eu-west-1.amazonaws.com/images/494675_1740033731_9e41513f-8efa-4fab-a5a2-7fb59433c458.jpg,"كبًر شاي مثلج",
9e27b1aa-f649-476f-929d-dade7b85ac38,"Saffron Milk Cake",PSN-151,10,,No,Yes,No,1.75,,,,,,,No,https://foodics-console-production.s3.eu-west-1.amazonaws.com/images/494675_1738933242_9e27b1d2-b1cc-44c1-a0c4-d64abc1b388f.png,"كيكة الزعفران",
9daeef1c-d073-4030-a1cb-7d0a0ca6c2fa,"Turkey Croissant",PCR-112,8,,No,Yes,No,1.85,,,,,,,No,https://foodics-console-production.s3.eu-west-1.amazonaws.com/images/494675_1733746624_9daeef2a-e89f-40a7-98e0-91dcde474656.jpg,"تركي كرواسون",
9d92e2cb-ea72-4336-b5fd-37d3f7d60b9f,"HOT | White Chocolate",PHT-124,3,,No,No,No,1.95,,,,,,,No,https://foodics-console-production.s3.eu-west-1.amazonaws.com/images/494675_1732553771_9d932936-86c3-424b-b718-fe151ab785ac.jpg,"وايت تشوكولت",
9d92db32-5bc9-45fc-8e48-32a243ed5fb6,"HOT | White Cacao Latte",PHT-123,15,,No,No,No,2.2,,,,,,,No,https://foodics-console-production.s3.eu-west-1.amazonaws.com/images/494675_1732547181_9d9301ee-3551-4bf2-bccc-9de4fba76107.png,"وايت ككاو لاتيه",
9d86acfd-4085-4319-9c42-9bbc0a75cd4e,"Dubai Chocolate Cake",PSN-154,10,,No,No,No,2.5,,,"Dubai Cake combines rich layers of chocolate and cream, with an oriental touch of kunafa and the luxurious flavor of pistachios",,,,No,https://foodics-console-production.s3.eu-west-1.amazonaws.com/images/494675_1732017668_9d86adca-57ab-477f-b494-b6c1fe9ea5a8.png,"كيكة دبي بالتشوكولت","كيكة دبي تجمع بين طبقات غنية من الشوكولاتة والكريمة، مع لمسة شرقية من الكنافة ومذاق فاخر من الفستق والبستاشيو"
9d6c9af4-88ac-4ecc-9072-9c49cdd7a94e,Mafroka,PSN-152,10,,No,Yes,No,1.5,,,,,,,No,https://foodics-console-production.s3.eu-west-1.amazonaws.com/images/494675_1752648102_9f6704c1-edf6-4c7c-9f42-b16f19087fe7.jpg,مفروكة,
9d43edeb-a667-41cc-93d9-e84ffee8938f,"ICED | Americano (L)",PIC-105,1,,No,Yes,No,1.3,,,,,,,No,https://foodics-console-production.s3.eu-west-1.amazonaws.com/images/494675_1729156939_9d441283-aa14-46ec-93ed-f00d3fd81d94.png,"أمريكانو مثلجة",
9d43e85b-d5f1-44c7-aadd-7c29887d96a7,"ICED | Spanish Latte (L)",PIC-111,1,,No,Yes,No,2.2,,,,,,,No,https://foodics-console-production.s3.eu-west-1.amazonaws.com/images/494675_1729156964_9d4412a9-5f64-4ad3-a85b-7d0dca6ce264.png,"سبانيش لاتيه مثلجة",
9d427596-4b21-437d-b5ad-576378b4febe,"ICED | Black Spanish (L)",PIC-102,1,,No,Yes,No,2.5,,,,,,,No,https://foodics-console-production.s3.eu-west-1.amazonaws.com/images/494675_1729157012_9d4412f3-aba0-44c4-9c9c-06ea85145f4e.png,"بلاك سبانيش مثلجة",
9d426fd1-cfdc-469b-b817-49123cd136d6,"ICED | Salted Caramel (L)",PIC-116,1,,No,Yes,No,2.25,,,,,,,No,https://foodics-console-production.s3.eu-west-1.amazonaws.com/images/494675_1729157048_9d441329-c90a-47fb-a42a-d575c60c3fc4.png,"سولتد كراميل لاتيه مثلجة",
9d42672d-7e7e-4912-9b30-7c0fc19971c9,"ICED | Latte (L)",PIC-115,1,,No,Yes,No,1.65,,,,,,,No,https://foodics-console-production.s3.eu-west-1.amazonaws.com/images/494675_1729157076_9d441354-f5b2-48fa-b6e3-f7eec4478b42.png,"لاتيه مثلجة",
9d426429-af11-4356-b6f3-8c2f19886849,"ICED | Vanilla Shaken (L)",PIC-120,1,,No,Yes,No,1.85,,,,,,,No,https://foodics-console-production.s3.eu-west-1.amazonaws.com/images/494675_1729157101_9d44137a-87cc-4e79-9e5e-ec8fa26c7144.png,"فانيلا شيكن مثلجة",
9d426229-0c25-471a-9689-d6b209dd3caa,"Tower Drip (L)",PIC-100,1,,No,Yes,No,1.85,,,,,,,No,https://foodics-console-production.s3.eu-west-1.amazonaws.com/images/494675_1729157176_9d4413ed-3817-498a-9cbc-9bc17d3565d1.png,"تاور دريب",
9d425c12-1272-4a41-9125-16570a4bd74e,"HOT | Americano (L)",PHT-102,2,,No,Yes,No,1.3,,,,,,,No,https://foodics-console-production.s3.eu-west-1.amazonaws.com/images/494675_1729157190_9d441402-925d-4e67-a86a-2f6ee8be951d.png,"أمريكانو حارة",
9d3e0da1-8bbd-4356-8021-cba872473271,"4 Cheese Sandwich",PSD-105,13,,No,No,No,1.5,,,,,,,No,https://foodics-console-production.s3.eu-west-1.amazonaws.com/images/494675_1728898477_9d3e0df5-8810-430c-ae92-4983b8e5628b.jpg,"ساندويتش الأجبان الأربعة",
9d364b8d-4b08-4a83-b241-7662408f5d24,"Voss | Still Water",PWJ-108,9,,No,Yes,No,0.75,,,,,,,No,https://foodics-console-production.s3.eu-west-1.amazonaws.com/images/494675_1728565517_9d364d5d-9674-4f63-8921-0f08f4d67555.jpg,"مياه معدنية | فوس",
9d364a41-6ce7-45ca-adec-ae4860ceb82c,"Fancy Nuts & Fruits",PSN-157,10,,No,Yes,No,0.35,,,,,,,No,https://foodics-console-production.s3.eu-west-1.amazonaws.com/images/494675_1753620969_9f7dab7e-6821-4245-83d4-ccfcaa769618.jpg,,
9d364a0a-c157-42ab-bc70-8371619f7eb9,"QminC | Manuka Honey Collagen",PWJ-106,9,,No,Yes,No,0.7,,,,,,,No,https://foodics-console-production.s3.eu-west-1.amazonaws.com/images/494675_1728566073_9d3650ad-2368-4fc0-8ca1-9cec7897a5e0.png,"شراب الكولاجين وعسل المانوكا - كيومن سي",
9d3649c3-ae7e-42a7-a76e-874ae05291b5,"QminC | Ginger with Honey",PWJ-107,9,,No,Yes,No,0.7,,,,,,,No,https://foodics-console-production.s3.eu-west-1.amazonaws.com/images/494675_1728566046_9d365083-d8b8-41ce-8d1d-e7dacbfdf2ab.png,"شراب الزنجبيل والعسل - كيومن سي",
9d364987-e0e8-4f59-a688-67228e251889,"QminC | Curcumin & Lemon",PWJ-105,9,,No,Yes,No,0.7,,,,,,,No,https://foodics-console-production.s3.eu-west-1.amazonaws.com/images/494675_1728566095_9d3650cf-1b52-4239-8e12-55be3c81c9d5.png,"شراب الليمون بالكركم - كيو من سي",
9d36490e-730c-4b41-9d64-1f839cae718c,"Hunter Chips | Black Truffle 40g",PSN-114,10,,No,Yes,No,0.75,,,,,,,No,https://foodics-console-production.s3.eu-west-1.amazonaws.com/images/494675_1728567538_9d365969-21bf-4409-97f0-b70d325b5ae2.jpg,"تيشبس هانتر - الكمأة السوداء 40 جرام",
9d3648d3-fdb2-4e7c-907c-58dad1b9b0bc,"Hunter Chips | Sea Salted 40g",PSN-113,10,,No,Yes,No,0.75,,,,,,,No,https://foodics-console-production.s3.eu-west-1.amazonaws.com/images/494675_1728567555_9d365982-9726-4e9d-b3b0-e2adf6c23d6d.jpeg,"تشيبس هانتر- ملح البحر -40غ",
9d36489a-274b-4dcb-aa99-d5d18486b5dc,"Eva | Still Water",PWJ-101,9,,No,Yes,No,0.5,,,,,,,No,https://foodics-console-production.s3.eu-west-1.amazonaws.com/images/494675_1728567567_9d365995-04c1-4a9a-8849-8bcf30926136.jpg,"ماء ايفا",
9d364860-e96e-42ec-a525-418750c2ee94,"Rawdatain | Sparkling Water",PWJ-102,9,,No,Yes,No,0.5,,,,,,,No,https://foodics-console-production.s3.eu-west-1.amazonaws.com/images/494675_1755517180_9fa9d1cb-b37a-4f70-8f04-b19e02133045.jpg,"مياه غازية | الروضتين",
9d36481f-b3fc-468b-b1c4-f11f1ed83980,"Multi Mixed Nuts",PSN-133,10,,No,Yes,No,0.35,,,,,,,No,https://foodics-console-production.s3.eu-west-1.amazonaws.com/images/494675_1753620990_9f7dab9e-f8cc-48b2-be34-cfdc02724fd2.jpg,,
9d3647a3-e3d7-4aee-9dc0-183ee0ba6ef0,"Be kind | 40g",PSN-102,10,,No,Yes,No,1,,,,,,,No,https://foodics-console-production.s3.eu-west-1.amazonaws.com/images/494675_1728568343_9d365e36-08db-494f-9cf6-81894b438bc7.jpg,"بي كايند - 40غ",
9d12238c-dc6e-487e-a2dd-0a7ff6d3d6c1,"Pistachio Oat Cookie",PSN-163,10,,No,Yes,No,1.35,,,,,,,No,https://foodics-console-production.s3.eu-west-1.amazonaws.com/images/494675_1727012371_9d1223e3-eac6-4199-a819-2cf9649576b2.png,"كوكيز الشوفان بالفستق",
9cb39f81-017e-4cc6-ac8a-ace3bf29e963,"Coffee Beans | Classic Blend 250g",659657707797,12,,No,Yes,No,6,,,,,,,No,https://foodics-console-production.s3.eu-west-1.amazonaws.com/images/494675_1729079179_9d424307-2429-41e3-8164-d5fdaee3bdf2.jpg,"بن قهوة - كلاسيك روست 250غ",
9cb18994-e7fd-415e-8606-4f8f4ff72bcc,"Upside Down Cheesecake",PSN-161,10,,No,Yes,No,2.25,,,,,,,No,https://foodics-console-production.s3.eu-west-1.amazonaws.com/images/494675_1722863441_9cb18a57-30f0-48a5-9893-7facb700683e.png,"تشيز كيك المقلوبة",
9cb18937-b7d0-4581-8255-eadbabdcb456,Tiramisu,PSN-160,10,,No,Yes,No,2.5,,,,,,,No,https://foodics-console-production.s3.eu-west-1.amazonaws.com/images/494675_1722863301_9cb18982-9f63-48b7-9f41-e6357c0f6691.png,تيراميسو,
9cb188a2-cfac-46f5-9967-562cd6685c4c,"Triple Chocolate Mousse",PSN-159,10,,No,No,No,1.85,,,,,,,No,https://foodics-console-production.s3.eu-west-1.amazonaws.com/images/494675_1722863405_9cb18a20-4904-4aac-8758-23f371680a7d.png,"موس الشوكولاته الثلاثية",
9cb187e8-7c84-4c80-89e1-8734b5dd4774,"Tres Leches Cake",PSN-158,10,,No,Yes,No,1.75,,,,,,,No,https://foodics-console-production.s3.eu-west-1.amazonaws.com/images/494675_1722863330_9cb189ae-09a0-4bb2-9b9f-4e9afaf7517e.png,تريليشا,
9c6f3710-b98b-4241-bdb3-c9d02eb28ae6,"ICED | Sweet Milk FF-16oz",FF-002,4,,No,Yes,No,1.65,,,,,,,No,,"حليب محلى مثلج | كبير"
9c6f3629-f076-4f41-91bf-c85ceda74fba,"ICED | Sweet Milk FF-12oz",FF-001,4,,No,Yes,No,1.35,,,,,,,No,,"حليب محلى مثلج | وسط"
9c60c2ce-fbdf-4ef2-9a4e-5ff937c4c055,"5Pcs | Drip Coffee Bags",PCB-105,12,,No,Yes,No,3.5,,695845295126,,,,,No,https://foodics-console-production.s3.eu-west-1.amazonaws.com/images/494675_1726641031_9d097e88-afaf-4079-9336-c9724f19d2a4.jpg,"اكياس القهوة المقطرة - ٥ أكياس",
9bdcb05a-2891-4a27-b3d4-0bd4170bd93e,"HOT | Brown Sugar Latte",PHT-122,15,,No,Yes,No,1.95,,,,,,,No,https://foodics-console-production.s3.eu-west-1.amazonaws.com/images/494675_1729419687_9d4a309d-50b8-45fb-97e2-dfbe16503d58.png,"براون شوقر لاتيه | ساخن",
9bdc0dd7-7eee-4cdc-93f3-be081680932a,"ICED | Kubbar  Tea",PBR-113,7,,No,Yes,No,1.95,,,,,,,No,https://foodics-console-production.s3.eu-west-1.amazonaws.com/images/494675_1714640486_9bf215b5-91db-42d8-9fee-c24966f6b971.png,"كبًر - شاي مثلج",
9bc0a5c9-f5a0-41bb-85cf-60813a8d1925,"ICED | Brown Sugar Latte",PIC-119,16,,No,Yes,No,2,,,,,,,No,https://foodics-console-production.s3.eu-west-1.amazonaws.com/images/494675_1724787331_9cde559e-3f75-4e4d-aa25-2db41e871d9c.jpeg,"براون شوقر لاتيه - مثلج",
9bbfd35a-1307-4f6d-870a-97cd2b9a70df,"Brioche | Egg Sandwich",PSD-115,13,,No,Yes,No,1.5,0.75925,,"Brioche sandwich stuffed with organic fried eggs, gouda cheese, and mustard aioli, making it a delicious and flavorful meal",,332,,No,https://foodics-console-production.s3.eu-west-1.amazonaws.com/images/494675_1713853388_9bdfc23d-d6be-4c7b-9111-dda08d448d7f.png,"بيض بخبز البريوش","اندويتش البريوش محشوة ببيض عضوي مقلي، جبنة الجودا، وخردل أيولي، مما يجعلها وجبة شهية وغنية بالنكهات"
9bb3ad79-44d1-492e-b1c8-8ceedddfae1f,"Danish | Zaatar",PCR-114,8,,No,Yes,No,0.75,,,,,,,No,https://foodics-console-production.s3.eu-west-1.amazonaws.com/images/494675_1712391701_9bbdb9e8-a3cb-439d-b9e5-f28dc89edab8.png,"دانش زعتر",
9bb3abd3-a2e0-4fa9-869a-640f050c3245,"Danish | Labneh",PCR-113,8,,No,Yes,No,0.85,,,,,,,No,https://foodics-console-production.s3.eu-west-1.amazonaws.com/images/494675_1712391638_9bbdb989-11dc-4060-b775-222e47a669a4.png,"دانيش لبنة",
9b93955d-6992-4607-88a5-1b7a5357bc52,"Chocolate Muffin",PSN-155,10,,No,Yes,No,1.25,,,,,,,No,https://foodics-console-production.s3.eu-west-1.amazonaws.com/images/494675_1726570375_9d07d963-d513-412c-ae06-d4d2bdf1eb2d.png,"مافن كاكاو",
9b7b6fd4-d17d-47f9-989d-9ce2b6bd7f87,"Umm Ali",PSN-150,10,,No,No,No,1.35,,,,,,,No,https://foodics-console-production.s3.eu-west-1.amazonaws.com/images/494675_1740643364_9e4f82f1-341e-4625-8d8b-01005cd1275e.jpg,"ام علي",
9b6fe5b5-1ac4-478d-9fc7-4d7d58db9d89,"50g | Salted Caramel Pecan",PSN-153,10,,No,Yes,No,1.5,,,,,,,No,https://foodics-console-production.s3.eu-west-1.amazonaws.com/images/494675_1724834462_9cdf6e8a-eedb-4e72-bc20-13c88f4bf6c9.png,"بيكان بالكارميل المملح",
9b3713fb-64b9-41cf-86b4-6f99bd9682e4,"HOT | Andalusi Tea",PHT-121,3,,No,No,No,2.75,,,,,,,No,https://foodics-console-production.s3.eu-west-1.amazonaws.com/images/494675_1740560343_9e4d9418-f727-4b40-9566-767a95bc6ae3.png,,
9b30bc72-f88b-4211-817d-2faa662f825e,"Coffee Beans | Colombia 250g",695845497469,12,,Yes,Yes,No,6,,,,,,,No,https://foodics-console-production.s3.eu-west-1.amazonaws.com/images/494675_1730556845_9d64aa9a-4884-435e-99d0-8d3783acd86c.png,"حبوب القهوة | كولومبيا 250غ",
9b30bbe9-5a69-4197-a3e5-880a73598c0c,"Coffee Beans | Brazil 250g",659657707796,12,,Yes,No,No,6,,,,,,,No,https://foodics-console-production.s3.eu-west-1.amazonaws.com/images/494675_1729601654_9d4e6d38-6a8f-463e-a489-5653667c4dc6.png,"حبوب القهوة | برازيل 250غ",
9aca83e4-6f7d-4b07-a7a2-3cd0b94d945f,"Regular | Arabic Coffee",PHT-120,15,,No,No,No,3.5,,,,,,,No,,"قهوة عربية"
9a7e35df-57c0-442d-ac14-6989660148ae,"ICED | Creamy Americano",PIC-118,16,,No,Yes,No,1.95,,,,,,,No,https://foodics-console-production.s3.eu-west-1.amazonaws.com/images/494675_1699280439_9a8c74b3-07b9-44a9-ba1f-08e95ccba673.png,"كريمي أمريكانو",
9a57d30a-124c-4374-91a5-0d54a39b4bb2,Sahlab,PHT-119,3,,No,No,No,1.5,,,,,,,No,https://foodics-console-production.s3.eu-west-1.amazonaws.com/images/494675_1700738658_9aae685b-e389-48be-8435-547ce8c20b00.jpeg,سحلب,
9a4fdd82-5a35-4b52-a57a-59a752403d61,"ICED | Cold Foam Americano",PIC-117,16,,No,Yes,No,1.5,,,,,,,No,https://foodics-console-production.s3.eu-west-1.amazonaws.com/images/494675_1696930820_9a55bfe0-12f7-4ccc-9262-21ba743e2bf5.jpeg,"كولد فوم أمريكانو",
9a49ccac-e225-4db9-a4d4-c737c337b060,"6Pcs | Mini Cookies",PSN-138,10,,No,Yes,No,0.95,,,,,,,No,https://foodics-console-production.s3.eu-west-1.amazonaws.com/images/494675_1704804727_9b0d1404-837a-4523-b0b2-4a99d8c82439.png,,
99b50803-7be4-47d2-9e4c-53794ecb6159,"Mixed | Mini Fridge Drinks",PPT-109,5,,No,Yes,No,0,,,,,,,No,https://foodics-console-production.s3.eu-west-1.amazonaws.com/images/494675_1696328780_9a47bb70-6eb1-49b2-bac1-f000ca115278.png,,
99b2c32d-23fe-42e2-b28d-3a530f6312df,"Croissant | Zaatar",PCR-107,8,,No,No,No,1.25,,,,,,,No,https://foodics-console-production.s3.eu-west-1.amazonaws.com/images/494675_1696162100_9a43d9f3-148e-4628-868a-9babdb78da43.png,,
999aa0cf-79e1-455f-bb24-cd5db95b38a3,"Brownie Bites",PSN-129,10,,No,No,No,0.95,,,,,,,No,https://foodics-console-production.s3.eu-west-1.amazonaws.com/images/494675_1704804636_9b0d1379-f37b-4a42-b522-27c0e5f8b56c.png,,
99948e19-01ba-42da-b474-aaed76fce597,"Chipotle | Chicken Wrap",PSD-111,13,,No,Yes,No,2.25,,,"chipotle wrap prepared from tortilla bread, stuffed with chicken pieces, melted cheese, and rocca, added with spicy chipotle-flavored mayonnaise to add a distinctive and spicy flavor",,560,,No,https://foodics-console-production.s3.eu-west-1.amazonaws.com/images/494675_1688977452_999c921b-6a2e-418e-b834-bc5d2aad2885.png,"راب تشيبوتلي الدجاج","راب التشيبوتلي المحضرة من خبز التورتيا محشو بقطع الدجاج والجبن الذائب والروكا مضاف إليها مايونيز بنكهة التشيبوتلي الحار لإضافة نكهة مميزة وحارة"
9978b2ac-ecec-4746-9de4-dd6de5dc1bdb,"Mixed Nuts",PSN-127,10,,No,No,No,0.95,,,,,,,No,https://foodics-console-production.s3.eu-west-1.amazonaws.com/images/494675_1740306533_9e47ab45-4548-4132-a5be-4a72cc96ae3f.png,"مكسرات مشكًلة",
995a25aa-a613-4dcf-980f-72f50f628124,"12Pcs | Drip Coffee Can",PCB-104,12,,No,Yes,No,8.5,,,,,,,No,https://foodics-console-production.s3.eu-west-1.amazonaws.com/images/494675_1696161223_9a43d4b7-c82a-48ed-a91f-3c8efaef642e.png,"علبة القهوة الدرب |12حبة",
993c4fde-bf50-4e0d-ba09-dd9797491319,"ICED | Chemex",PSC-103,14,,No,Yes,No,2,,,,,,,No,https://foodics-console-production.s3.eu-west-1.amazonaws.com/images/494675_1696163451_9a43e200-1acb-4a91-a17f-1482f29a86e7.png,"كيمكس مثلج",
993c4d6b-6d02-40e9-8f0f-ad1047b3609c,"ICED | V60",PSC-107,14,,No,Yes,No,1.95,,,,,,,No,https://foodics-console-production.s3.eu-west-1.amazonaws.com/images/494675_1696163482_9a43e22f-5246-4acd-8140-9907bd1780d2.png,"في ٦٠ - مثلج",
98f3ac59-da06-4bdb-8803-504186c0a07a,"ICED | Cacao",PBR-101,3,,No,Yes,No,1.75,,,,,,,No,https://foodics-console-production.s3.eu-west-1.amazonaws.com/images/494675_1726380344_9d036cb7-5f96-493c-b2bc-f43e528b6cb2.png,"ايسد كاكاو",
98d1f675-02f7-46cc-89fa-fe55be742bc3,"Koobs Box | Shots",PPT-108,5,,No,Yes,No,11,,,,,,,No,https://foodics-console-production.s3.eu-west-1.amazonaws.com/images/494675_1696161582_9a43d6dd-0234-42c7-853b-460fdada3f19.png,"كوبز بوكس",
98cc7d1c-5964-4213-89bd-3a646e987e21,Strawberry,PBR-107,7,,No,Yes,No,2,,,"Made with fresh strawberries, mint leaves, lime juice and a splash of soda.",,,,No,https://foodics-console-production.s3.eu-west-1.amazonaws.com/images/494675_1695043360_9a29cdbd-2a60-40f9-9d86-de52244eed40.png,"موهيتو فراولة","مصنوعة من الفراولة الطازجة، أوراق النعناع، ​​عصير الليمون وقليل من الصودا."
98b935dc-0948-4aa6-b2b0-b0d17f990855,"1 Liter | Iced Matcha",PPT-104,5,,No,Yes,No,12,,,,,,,No,https://foodics-console-production.s3.eu-west-1.amazonaws.com/images/494675_1696161609_9a43d705-a095-41fe-92a4-403988092861.png,"ماتشا مثلجة - 1 لتر",
98b935b6-d007-45c6-b198-9ddd67efd317,"1 Liter | Tower Drip",PPT-102,5,,No,Yes,No,12,,,,,,,No,https://foodics-console-production.s3.eu-west-1.amazonaws.com/images/494675_1696161814_9a43d83d-a22c-45da-8a42-9bde27accb98.png,"كولد درب - 1 لتر",
98b93571-687f-4075-ad16-e6fe8787d81a,"1 Liter | Iced Americano",PPT-103,5,,No,Yes,No,9,,,,,,,No,https://foodics-console-production.s3.eu-west-1.amazonaws.com/images/494675_1696161842_9a43d869-6b39-4b0d-bbcb-a3136f3e6b4c.png,"امريكانو مثلجة - 1 لتر",
98b93544-afb1-4987-ba35-8d639411923b,"1 Liter | Iced Spanish Latte",PPT-106,5,,No,Yes,No,10,,,,,,,No,https://foodics-console-production.s3.eu-west-1.amazonaws.com/images/494675_1696161869_9a43d891-fce3-402b-9b06-8294ced5d98b.png,"سبانيش لاتيه مثلج - 1 لتر",
98b93515-9d34-4476-8e89-04bd16f1f642,"1 Liter | Iced Salted Caramel",PPT-105,5,,No,Yes,No,11,,,,,,,No,https://foodics-console-production.s3.eu-west-1.amazonaws.com/images/494675_1696161891_9a43d8b3-85cc-4fda-8a38-ef842575ac72.png,"كراميل مملح لاتيه - 1 لتر",
98a9d52c-0d36-4c60-ae87-b2f7837c8ae3,"Medium | Tiramisu Ice Cream",PSS-103,6,,No,Yes,No,1.35,,,,,,,No,https://foodics-console-production.s3.eu-west-1.amazonaws.com/images/494675_1747234133_9ee8f6fc-27eb-4e6a-9f8c-7e5cf42b1498.png,,
986348a9-6043-4126-848c-7b2204c7498d,"Small | Vanilla Ice Cream",PSS-102,6,,No,Yes,No,0.95,,,,,,,No,https://foodics-console-production.s3.eu-west-1.amazonaws.com/images/494675_1747231005_9ee8e457-2dca-48ce-9630-5b05d383c687.jpg,,
98634875-ce11-4986-b36f-f28c2f51d51c,"Small | Tiramisu Ice Cream",PSS-101,6,,No,Yes,No,0.85,,,,,,,No,https://foodics-console-production.s3.eu-west-1.amazonaws.com/images/494675_1747234157_9ee8f720-7443-4fe6-9bd6-343db772f2f0.png,,
985ce3af-ab3c-48af-aae3-608b4d8aebb9,"Affogato | Ice Cream",PSS-104,6,,No,Yes,No,1.35,,,,,,,No,https://foodics-console-production.s3.eu-west-1.amazonaws.com/images/494675_1750257352_9f2f5ac6-2de5-41d3-bcdb-79fee47c63c5.png,افوكاتو,
985ce389-80bb-49c2-89a5-84ae3ab91b2f,"Medium | Vanilla Ice Cream",PSS-105,6,,No,Yes,No,1.35,,,,,,,No,https://foodics-console-production.s3.eu-west-1.amazonaws.com/images/494675_1747231026_9ee8e477-77f2-438e-a872-0c7e37d88f84.jpg,,
98187ba6-4153-4cbf-82bc-01ccd5987f71,"Flat Spanish",PHT-108,15,,No,Yes,No,1.5,,,"Spanish Latte with less milk
in a 8oz hot cup",,,,No,https://foodics-console-production.s3.eu-west-1.amazonaws.com/images/494675_1695042606_9a29c93e-7bfd-41c7-b932-7975a0886693.png,"فلات سبانش","سبانيش لاتيه مع قليل من الحليب المحلى"
976d9cbd-04a1-404b-b580-4912011a15c8,"Chai Latte",PHT-105,3,,No,Yes,No,1.25,,,,,,,No,https://foodics-console-production.s3.eu-west-1.amazonaws.com/images/494675_1701623990_9ac30559-8fd2-4942-bf82-804bc6eeeb0e.jpg,"شاي لاتيه",
9713295e-577a-431d-961b-19228dfdb086,"Very Berry",PBR-109,7,,No,Yes,No,2,,,"A drink with  fresh strawberries and berries with soda",,,,No,https://foodics-console-production.s3.eu-west-1.amazonaws.com/images/494675_1695043399_9a29cdf9-1981-4e90-8994-3aec2ae82057.png,"فيري بيري","مشروب يتكون من الفروالة والبيريز الطازجة مع الصودا"
96fd5f5b-9d5a-426e-b54a-b9e52baa0a9b,"San Sebastian Cake",PSN-122,10,,No,Yes,No,2.25,,,"Ingredients:
Creamy Cheese, Eggs, vanilla, Sugar, flour",,205,,No,https://foodics-console-production.s3.eu-west-1.amazonaws.com/images/494675_1696162394_9a43dbb3-3bdf-47f9-8dea-5e813969622a.png,"كيكة سان سبيستيان","مكونات
 جبنة كريمية ، ليمون ، بيض ، فانيليا ، سكر ، طحين"
96b02886-98f6-4efb-9b14-c868e0ac04b0,"Matcha Pistachio Frappe",FRP-101,17,,No,Yes,No,2,,,,,,,No,https://foodics-console-production.s3.eu-west-1.amazonaws.com/images/494675_1754993078_9f9d9de7-6424-4548-8c7f-d9ed0acc3d0e.jpg,"فراب الماتشا والفستق",
9639cc39-402b-48ac-81b4-2d93ae0781bd,"200ml | Cold Brew Bottled",PIC-103,16,,No,Yes,No,1.95,,,"Cold Brewed Coffee from Premium quality beans",,,,No,https://foodics-console-production.s3.eu-west-1.amazonaws.com/images/494675_1695041804_9a29c476-9848-487a-99fa-c7aa5a960b92.png,"قنينة كولد برو - 200 مل","قهوة باردة محضرة من حبوب البن عالية الجودة"
962bf826-d7a0-4980-8997-359cc5bfe99d,"Chocolate Frappe",FRP-102,17,,No,Yes,No,2,,,,,,,No,https://foodics-console-production.s3.eu-west-1.amazonaws.com/images/494675_1755090598_9f9fe32b-2ee3-4543-b925-e67ff5674f9d.jpg,"تشوكولت فراب",
961bc3a5-d5f8-47f8-9f86-bee3be3b988f,"Mango Passion Frappe",FRP-103,17,,No,No,No,2.5,,,,,,,No,https://foodics-console-production.s3.eu-west-1.amazonaws.com/images/494675_1754993376_9f9d9fad-5968-4598-aec6-67bd2d0f752f.jpg,,
95df2ffc-34f4-4461-9431-f9b64e9c19ae,"ICED | Vanilla Almond Matcha",PBR-104,3,,No,No,No,2.15,,,,,,,No,https://foodics-console-production.s3.eu-west-1.amazonaws.com/images/494675_1745137147_9eb823f9-5e2b-493d-b529-ed060e75dbff.png,,
95df2fdb-3faa-444e-8bd4-ed71e4c9c939,"Rio Passionfruit",PBR-106,7,,No,Yes,No,2,,PBR-106,"fresh passion fruit with mint leaves and soda",,,,No,https://foodics-console-production.s3.eu-west-1.amazonaws.com/images/494675_1695044212_9a29d2d1-2429-4b21-9585-207a4d1e9b97.png,"ريو باشن فروت","مشروب الباشن فروت الطازجة مع اوراق النعناع والصودا"
95df2f91-28d6-4e0c-88ef-52047e749336,"Mango Peach Lemonade",PBR-103,7,,No,Yes,No,1.75,,,"Fresh mango, peach and lime drink with soda",,,,No,https://foodics-console-production.s3.eu-west-1.amazonaws.com/images/494675_1695043669_9a29cf93-c87c-4afe-b246-a08a44879320.png,"مانجو خوخ ليموناضة","مشروب المانجو والخوخ والليمون الطازج مع الصودا"
95cd5fe4-1b0f-446b-800e-4ae93a225444,"Cream Brulee",PSN-109,10,,No,Yes,No,1.25,,,,,,,No,https://foodics-console-production.s3.eu-west-1.amazonaws.com/images/494675_1696162357_9a43db7b-5ba7-442b-8155-e630c1794b90.png,"كريم بروليه",
958c949e-47bd-43b8-bbd6-301c7a30bd73,"Turkish Coffee",PHT-117,15,,No,Yes,No,1.25,,,,,,,No,https://foodics-console-production.s3.eu-west-1.amazonaws.com/images/494675_1695042710_9a29c9dd-4327-468f-a00b-1fd309e5d060.png,"قهوة تركية",
94b9273a-7268-42cc-adfd-c08ea79dcc0e,"Croissant | Almond",PCR-101,8,,No,No,No,1.25,,,,,,,No,https://foodics-console-production.s3.eu-west-1.amazonaws.com/images/494675_1696162121_9a43da12-ad55-438d-ab72-b39771a71bd7.png,,
94b7ab78-5a42-4072-b1ec-5b00a972cdd5,"Ceramic Mug",PGF-101,11,,No,Yes,No,2.75,,,,,,,No,https://foodics-console-production.s3.eu-west-1.amazonaws.com/images/494675_1696165358_9a43ed5e-1d85-4d8c-8ce9-5684a2e9d281.png,"كوب سيراميك",
94b7aa24-5472-4845-8cd6-a93cd27b4537,Tumbler,PGF-102,11,,No,Yes,No,5.25,,,,,,,No,https://foodics-console-production.s3.eu-west-1.amazonaws.com/images/494675_1696165387_9a43ed89-9efe-447a-87f0-333cf9b2dfa1.png,تمبلر,
942b02b5-4ec3-4f7a-bae8-61d6e4ffe13c,"Croissant | Chocolate",PCR-102,8,,No,Yes,No,1.25,,,,,,,No,https://foodics-console-production.s3.eu-west-1.amazonaws.com/images/494675_1754375288_9f8f3b96-9ba6-42c6-9091-a8a7bfd38534.jpg,"كروسان كاكاو",
931c8672-d6ba-4a74-950a-782d5c20df23,"ICED | Vanilla Cappuccino",PIC-112,16,,No,Yes,No,2,,,,,,,No,https://foodics-console-production.s3.eu-west-1.amazonaws.com/images/494675_1753791383_9f81a33d-ffcb-440d-9ee9-226c160c5009.png,"كابتشينو فانيلا",
92f2a78d-fd9f-4305-b6ef-bfb64c56732a,"Croissant | Cream Cheese",PCR-103,8,,No,Yes,No,1.5,,,,,,,No,https://foodics-console-production.s3.eu-west-1.amazonaws.com/images/494675_1696162201_9a43da8d-646a-47ca-a5dd-ad787b0dc9b9.png,"كرواسان الجبن",
92d49e2a-2878-4bc4-94ae-29402a280da1,"Tokyo Ice Tea",PBR-108,7,,No,Yes,No,1.75,,,"Iced tea drink made of black tea, peaches and fresh lemon",,,,No,https://foodics-console-production.s3.eu-west-1.amazonaws.com/images/494675_1695043753_9a29d014-f2e9-4db5-8bd3-fc6bb61e32bf.png,"طوكيو | ايس تي","مشروب الشاي المثلج مكون من الشاي الاسود ووالخوخ والليمون الطازج"
929a493d-f28d-4211-81f4-7bc49905d9a3,"Croissant | Plain",PCR-105,8,,No,Yes,No,1,,,,,,,No,https://foodics-console-production.s3.eu-west-1.amazonaws.com/images/494675_1695283687_9a2f6632-33c8-4f95-bb2c-e723fc56c0fa.png,"كرواسان سادة",
9292b99b-c737-480b-8af2-1b62cba75ffe,"ICED | Americano (M)",PIC-106,16,,No,Yes,No,1.2,,,"Americano mixed with ice",,,,No,https://foodics-console-production.s3.eu-west-1.amazonaws.com/images/494675_1695041871_9a29c4dd-9776-45e6-8660-2ed5d50e40d0.png,"أمريكانو | مثلج","أمريكانو مخلوطه بالثلج"
928a0ea7-d1ae-430e-8501-c0852d35dd28,"HOT | V60",PSC-106,14,,No,Yes,No,1.95,,,,,,,No,https://foodics-console-production.s3.eu-west-1.amazonaws.com/images/494675_1696163521_9a43e26b-99cb-4adb-857c-2f09ee1e0152.png,"في ٦٠ | ساخن",
928a04c6-f835-4c3b-89ff-80cdb42858a8,"French Press",PSC-104,14,,No,Yes,No,1.5,,,,,,,No,https://foodics-console-production.s3.eu-west-1.amazonaws.com/images/494675_1696163551_9a43e298-8ed1-4602-b1aa-08c84976fb93.png,"فرنش برس",
928a0400-2b76-46d7-beb2-7bb2968c9a56,"HOT | Chemex",PSC-102,14,,No,Yes,No,2,,,,,,,No,https://foodics-console-production.s3.eu-west-1.amazonaws.com/images/494675_1696163580_9a43e2c5-8ae9-403e-9e76-88f5bdc6b057.png,"كيميكس ساخن",
928a036c-14c8-4534-9bfe-60cbe7aaf9fe,Aeropress,PSC-101,14,,No,Yes,No,2,,,,,,,No,https://foodics-console-production.s3.eu-west-1.amazonaws.com/images/494675_1696163601_9a43e2e5-46cf-4159-9747-552f4262705a.png,"ايرو بريس",
9286775a-82b8-4ae4-be83-cb7556bd06eb,"Orange Juice",PWJ-104,9,,No,Yes,No,1.5,,,,,,,No,https://foodics-console-production.s3.eu-west-1.amazonaws.com/images/494675_1695284063_9a2f6870-f64c-4842-9fe2-eccbc90ad391.png,"عصير البرتقال",
92863a62-9d6e-40ce-b6d9-c005fc010ee7,"Turkey Sandwich",PSD-106,13,,No,Yes,No,1.75,,,,,327,,No,https://foodics-console-production.s3.eu-west-1.amazonaws.com/images/494675_1695283344_9a2f6426-fb46-4172-990b-2b016658c8dd.png,"ساندويتش الديك الرومي المدخن",
928639ec-917c-40cc-9a63-4817f78201a2,"Halloumi Sandwich",PSD-104,13,,No,Yes,No,1.75,,,,,324,,No,https://foodics-console-production.s3.eu-west-1.amazonaws.com/images/494675_1695283305_9a2f63ec-570a-47cf-a347-f90a372be075.png,"سندويتش الحلوم والمشروم",
928638dd-0cbe-4ae4-b8b8-ca01db2ed8a1,"HOT | Tea",PHT-116,3,,No,Yes,No,1.25,,,,,,,No,https://foodics-console-production.s3.eu-west-1.amazonaws.com/images/494675_1695042812_9a29ca79-48fb-4f72-8ba8-cb8a8b18a47d.png,شاي,
92863850-60de-4672-9c77-af33b16feb88,"HOT | Salted Caramel (M)",PHT-114,15,,No,Yes,No,2.1,,,,,,,No,https://foodics-console-production.s3.eu-west-1.amazonaws.com/images/494675_1695042861_9a29cac3-ae72-44e5-89c3-0794ac6490be.png,"سولتد كاراميل | ساخن",
9286377c-293c-4fb3-aa8c-10fb9d3b86f7,"HOT | Latte",PHT-111,15,,No,Yes,No,1.5,,,,,,,No,https://foodics-console-production.s3.eu-west-1.amazonaws.com/images/494675_1695042911_9a29cb0f-5da6-41a9-b9da-eb245c82839f.png,"لاتيه ساخن",
92863740-318c-45a7-864a-630177309f5e,"HOT | Matcha",PHT-112,3,,No,Yes,No,1.75,,,,,,,No,https://foodics-console-production.s3.eu-west-1.amazonaws.com/images/494675_1695042962_9a29cb5e-40fe-464d-bb91-f236a98ff768.png,"ماتشا ساخنة",
9286370c-41ea-4cbd-b8cb-a98dbe5f7f9d,"HOT | Chocolate",PHT-110,3,,No,Yes,No,1.95,,,,,,,No,https://foodics-console-production.s3.eu-west-1.amazonaws.com/images/494675_1695042997_9a29cb93-181b-49da-9291-ea864afe2b01.png,"هوت شوكليت",
928636c4-32e2-4a88-8463-9bf795a10b31,"Flat White",PHT-109,15,,No,Yes,No,1.5,,,,,,,No,https://foodics-console-production.s3.eu-west-1.amazonaws.com/images/494675_1695042647_9a29c97c-6bdc-4c7b-b58e-d3c6bae9dc7d.png,"فلات وايت",
9286368a-4ceb-4594-8ca0-d7af4ea019d1,"Double Espresso",PHT-107,15,,No,Yes,No,1.25,,,,,,,No,https://foodics-console-production.s3.eu-west-1.amazonaws.com/images/494675_1695043037_9a29cbd0-14c6-4421-97e0-b668cada3662.png,"دبل اسبريسو",
928635ee-7c22-4bae-b1ab-97afcb6a85f6,Cortado,PHT-106,15,,No,Yes,No,1.5,,,,,,,No,https://foodics-console-production.s3.eu-west-1.amazonaws.com/images/494675_1695043085_9a29cc18-a5a6-40b0-b18c-9d0d4ec7d4ce.png,كورتادو,
92863544-f482-4e4c-8596-7731e999dfcd,"HOT | Cappuccino",PHT-104,15,,No,Yes,No,1.5,,,,,,,No,https://foodics-console-production.s3.eu-west-1.amazonaws.com/images/494675_1695043137_9a29cc68-8a2f-4ed8-9d14-6dafcc3ad236.png,"كابتشينو ساخن",
928634f2-1af5-43bc-b655-1bf08380162b,"HOT |  Cacao Latte",PHT-103,15,,No,Yes,No,2.25,,,,,,,No,https://foodics-console-production.s3.eu-west-1.amazonaws.com/images/494675_1695043166_9a29cc94-3038-4dde-b51e-addda20195a4.png,"كاكاو لاتيه ساخن",
928633e3-79b0-4ff4-9871-972cedb73299,"ICED | Vanilla Shaken (M)",PIC-114,16,,No,Yes,No,1.7,,,"Coffee mixed with unsweetened milk and vanilla",,,,No,https://foodics-console-production.s3.eu-west-1.amazonaws.com/images/494675_1695106886_9a2b4861-d150-427e-ab98-43e574bd6d0d.png,"خليط الفانيلا المثلج","قهوة مخلوطة مع الحليب الغير محلى والفانيلا"
9286330e-6071-4bce-98f4-6b7356e1bad8,"ICED | Salted Caramel (M)",PIC-109,16,,No,Yes,No,2.1,,,"Salted caramel sauce with our special milk and double espresso",,,,No,https://foodics-console-production.s3.eu-west-1.amazonaws.com/images/494675_1695042178_9a29c6b0-e0fe-4f4e-8439-5062c0ef62c5.png,"سولتد كاراميل | مثلج","صلصة الكراميل المملح مع الحليب الخاص بنا  ودبل اسبريسو"
9286319b-30c9-4bb8-8927-e4e24ac729c6,"ICED | Micro",PIC-113,16,,No,No,No,1.75,,,,,,,No,https://foodics-console-production.s3.eu-west-1.amazonaws.com/images/494675_1695041967_9a29c56e-b366-40ca-b43c-5d881f5741e9.png,مايكرو,
92863121-43e2-4144-a830-52c41d1cb812,"ICED | Matcha",PBR-102,3,,No,Yes,No,1.75,,,"Japanese matcha with our special sweetened milk",,,,No,https://foodics-console-production.s3.eu-west-1.amazonaws.com/images/494675_1695044050_9a29d1da-5684-4a57-a395-9fd8caae69fb.png,"ماتشا مثلجة","ماتشا يابانية مع الحليب المحلى  الخاص بنا"
928630bf-ace8-4445-bf66-2fb278c4eb69,"Koobs Box | Cold Brew",PPT-107,5,,No,Yes,No,10,,,,,,,No,https://foodics-console-production.s3.eu-west-1.amazonaws.com/images/494675_1696161948_9a43d90b-34e8-4456-8d9f-5ffb6577dc4b.png,"كوبز بوكس | كولد برو",
92862fd0-d21b-447e-a2ff-97a14e9a4c7e,"ICED | Latte (M)",PIC-108,16,,No,Yes,No,1.5,,,"Double espresso with unsweetened milk",,,,No,https://foodics-console-production.s3.eu-west-1.amazonaws.com/images/494675_1695042223_9a29c6f5-ca2c-41a4-9b19-a61d1a297729.png,"لاتيه مثلج - غير محلى","دبل اسبريسو مع الحليب الغير محلى"
92862f74-fb6d-4cba-b4d4-4c91e5ede62b,"Tower Drip (M)",PIC-104,16,,No,Yes,No,1.7,,,"18 hour tower drip coffee.",,,,No,https://foodics-console-production.s3.eu-west-1.amazonaws.com/images/494675_1695042353_9a29c7bb-cf37-4630-a56f-d98197f172b7.png,"القهوة المقطرة","قهوة مقطرة لمدة 18 ساعة"
92862a65-9ed0-4492-90b8-019799af42f5,"ICED |  Cacao Latte",PIC-107,16,,No,Yes,No,1.95,,,,,,,No,https://foodics-console-production.s3.eu-west-1.amazonaws.com/images/494675_1726382243_9d037809-9dd4-429b-a772-18ce13dcc87c.png,"كاكاو لاتيه - بارد",
92861d34-371a-4e9f-a20d-a814f457f78e,"HOT | Americano (M)",PHT-101,15,,No,Yes,No,1.2,,,,,,,No,https://foodics-console-production.s3.eu-west-1.amazonaws.com/images/494675_1695043219_9a29cce6-2c02-41d4-ab96-f60335d8c970.png,"امريكانو - ساخن",
928603ef-4939-4671-94e4-0744ec3c275e,"ICED | Spanish Latte (M)",PIC-110,16,,No,Yes,No,1.95,,,"Sweet Iced Latte, meticulously crafted with high-quality Arabica bean espresso and our one-of-a-kind Koobs milk. A perfect blend of rich flavors and creamy texture.",,,,No,https://foodics-console-production.s3.eu-west-1.amazonaws.com/images/494675_1695042405_9a29c80c-5a05-402f-8f98-81cc68a91edd.png,"سبانش لاتيه | مثلج","لاتيه مثلج، مصنوع بعناية من إسبريسو بن أربيكا عالي الجودة وحليب كوبز الفريد من نوعه. مزيج مثالي من النكهات الغنية والقوام الكريمي."
9285eb5e-b37b-4484-9bcd-5f2ccc08c175,"Croissant | Feta Cheese",PCR-104,8,,No,No,No,1.25,,,,,,,No,https://foodics-console-production.s3.eu-west-1.amazonaws.com/images/494675_1695283431_9a2f64ab-e9b2-44b5-b50e-fc04345f5aa7.png,"كرواسان جبنة الفيتا",
9285ea93-e1ca-4683-ab09-1fe78bed8237,"HOT | Spanish Latte (M)",PHT-115,15,,No,Yes,No,1.95,,,,,,,No,https://foodics-console-production.s3.eu-west-1.amazonaws.com/images/494675_1695043250_9a29cd15-390d-4cfb-b212-342d0e46d9f9.png,"سبانش لاتيه - ساخن",
9285e4ca-b130-4b87-b2af-3ffee1ce7d11,"ICED | Black Spanish (M)",PIC-101,16,,No,Yes,No,2.25,,,"a blend of our premium Espresso and unique Koobs milk, with our coffee ice cubes that enrich the flavour. A symphony of sweetness and depth in a cup, it's the refreshment your day deserves.",5,220,,No,https://foodics-console-production.s3.eu-west-1.amazonaws.com/images/494675_1695040930_9a29bf40-8bb4-4070-a405-481c72c3be98.png,"بلاك سبانش","مزيج من إسبريسو عالي الجودة وحليب كوبس الفريد، مع مكعبات الثلج من القهوة التي تعزز النكهة. سيمفونية من الحلاوة والعمق في كوب."

